"word","translation","pronunciation","category","example","exampleTranslation"
"l’école","school","/leˈkɔl/","L’École - School  ","L’école a une nouvelle classe avec le tableau.","The school has a new classroom with the blackboard."
"l’horloge","clock","/lɔˈʁlɔʒ/","L’École - School  ","L’horloge indique l’heure dans la classe.","The clock shows the time in the classroom."
"la classe","classroom","/la klas/","L’École - School  ","L’école a une nouvelle classe avec le tableau.","The school has a new classroom with the blackboard."
"la règle","ruler","/la ʁɛɡl/","L’École - School  ","La règle est utilisée avec le sac à l’école.","The ruler is used with the backpack at school."
"le bureau","desk","/lə byˈʁo/","L’École - School  ","Le bureau dans la classe a un crayon.","The desk in the classroom has a pencil."
"le crayon","pencil","/lə kʁɛˈjɔ̃/","L’École - School  ","Le crayon est sur le bureau près de la règle.","The pencil is on the desk next to the ruler."
"le sac","backpack","/lə sak/","L’École - School  ","La règle est utilisée avec le sac à l’école.","The ruler is used with the backpack at school."
"le tableau","blackboard","/lə taˈblo/","L’École - School  ","L’école a une nouvelle classe avec le tableau.","The school has a new classroom with the blackboard."
"Partage avec générosité","Share with generosity","/paʁ.taʒ.a.vɛk.ʒe.ne.ʁo.zi.te/","L’École - School (Phrases)","Partage avec générosité pour inspirer les autres.","Share with generosity to inspire others."
"Partage en toute simplicité","Share with complete simplicity","/paʁ.taʒ.ɑ̃.tut.sɛ̃.pli.si.te/","L’École - School (Phrases)","Partage en toute simplicité ce que tu as.","Share with complete simplicity what you have."
"Partage la joie","Share the joy","/paʁ.taʒ.la.ʒwa/","L’École - School (Phrases)","Partage la joie pour rendre la journée plus belle.","Share the joy to make the day brighter."
"Partage tes idées","Share your ideas","/paʁ.taʒ.tez.i.de/","L’École - School (Phrases)","N’aie pas peur de partage tes idées en classe.","Don’t be afraid to share your ideas in class."
"Partage tes talents","Share your talents","/paʁ.taʒ.te.ta.lɑ̃/","L’École - School (Phrases)","Partage tes talents pour aider la communauté.","Share your talents to help the community."
"Partage ton sourire","Share your smile","/paʁ.taʒ.tɔ̃.su.ʁiʁ/","L’École - School (Phrases)","Toujours partage ton sourire avec le monde.","Always share your smile with the world."
"Partage un moment","Share a moment","/paʁ.taʒ.œ̃.mo.mɑ̃/","L’École - School (Phrases)","Partage un moment de bonheur avec ta famille.","Share a happy moment with your family."
"Partage un repas","Share a meal","/paʁ.taʒ.œ̃.ʁə.pa/","L’École - School (Phrases)","Nous aimons partage un repas entre amis.","We like to share a meal with friends."
"l’école","school","/leˈkɔl/","L’Éducation - Education","L’école organise une visite à la bibliothèque pour les étudiants.","The school organizes a visit to the library for the students."
"l’étudiant","student (male)","/letyˈdjɑ̃/","L’Éducation - Education","Le livre sur la table aide l’étudiant à préparer la leçon.","The book on the table helps the student prepare the lesson."
"l’examen","exam","/lɛɡzaˈmɛ̃/","L’Éducation - Education","La bibliothèque est calme pendant l’examen.","The library is quiet during the exam."
"la leçon","lesson","/la ləˈsɔ̃/","L’Éducation - Education","Le professeur donne la leçon avec un stylo rouge.","The teacher gives the lesson with a red pen."
"le livre","book","/lə liːvʁ/","L’Éducation - Education","Le livre sur la table aide l’étudiant à préparer la leçon.","The book on the table helps the student prepare the lesson."
"le professeur","teacher","/lə pʁoˈfɛsœːʁ/","L’Éducation - Education","Le professeur donne la leçon avec un stylo rouge.","The teacher gives the lesson with a red pen."
"le stylo","pen","/lə stiˈlo/","L’Éducation - Education","Le professeur donne la leçon avec un stylo rouge.","The teacher gives the lesson with a red pen."
"tableau noir","blackboard","/ta.blo nwaʁ/","L’Éducation - Education","Le professeur écrit la leçon sur le tableau noir.","The teacher writes the lesson on the blackboard."
"Écoute attentivement","Listen attentively","/e.kut.a.tɑ̃.tiv.mɑ̃/","L’Éducation - Education (Phrases)","Écoute attentivement les conseils du professeur.","Listen attentively to the teacher’s advice."
"Écoute bien","Listen carefully","/e.kut.bjɛ̃/","L’Éducation - Education (Phrases)","Écoute bien la leçon à l’école.","Listen carefully to the lesson at school."
"Écoute ça","Listen to this","/e.kut.sa/","L’Éducation - Education (Phrases)","Écoute ça, le professeur explique un nouveau livre.","Listen to this, the teacher explains a new book."
"Écoute la musique","Listen to the music","/e.kut.la.my.zik/","L’Éducation - Education (Phrases)","Écoute la musique pendant la pause à la bibliothèque.","Listen to the music during the break at the library."
"Écoute le vent","Listen to the wind","/e.kut.lə.vɑ̃/","L’Éducation - Education (Phrases)","Écoute le vent dehors depuis la fenêtre de l’école.","Listen to the wind outside from the school window."
"Écoute les oiseaux","Listen to the birds","/e.kut.lez.wa.zo/","L’Éducation - Education (Phrases)","Écoute les oiseaux pendant la récréation à l’école.","Listen to the birds during recess at school."
"Écoute moi","Listen to me","/e.kut.mwa/","L’Éducation - Education (Phrases)","Écoute moi, je te donne les instructions pour l’examen.","Listen to me, I give you the instructions for the exam."
"Écoute ton cœur","Listen to your heart","/e.kut.tɔ̃.kœʁ/","L’Éducation - Education (Phrases)","Écoute ton cœur pour choisir ta matière préférée.","Listen to your heart to choose your favorite subject."
"l’assiette","plate","/laˈsjɛt/","La Cuisine - Kitchen  ","La fourchette et le couteau sont sur l’assiette.","The fork and knife are on the plate."
"la cuillère","spoon","/la kɥiˈjɛːʁ/","La Cuisine - Kitchen  ","La cuillère est sur l’assiette près de la fourchette.","The spoon is on the plate next to the fork."
"la cuisine","kitchen","/la kɥiˈzin/","La Cuisine - Kitchen  ","Dans la cuisine, je prends le couteau pour couper.","In the kitchen, I take the knife to cut."
"la fourchette","fork","/la fuʁˈʃɛt/","La Cuisine - Kitchen  ","La cuillère est sur l’assiette près de la fourchette.","The spoon is on the plate next to the fork."
"la poêle","frying pan","/la pwal/","La Cuisine - Kitchen  ","J’utilise la poêle dans le four pour cuisiner.","I use the frying pan in the oven to cook."
"le couteau","knife","/lə kuˈto/","La Cuisine - Kitchen  ","La fourchette et le couteau sont sur l’assiette.","The fork and knife are on the plate."
"le four","oven","/lə fuːʁ/","La Cuisine - Kitchen  ","J’utilise la poêle dans le four pour cuisiner.","I use the frying pan in the oven to cook."
"le verre","glass","/lə vɛːʁ/","La Cuisine - Kitchen  ","Le verre d’eau est posé dans la cuisine.","The glass of water is placed in the kitchen."
"Marche avec confiance","Walk with confidence","/maʁʃ.a.vɛk.kɔ̃.fjɑ̃s/","La Cuisine - Kitchen (Phrases)","Marche avec confiance vers tes rêves.","Walk with confidence toward your dreams."
"Marche dans la forêt","Walk in the forest","/maʁʃ.dɑ̃.la.fɔ.ʁɛ/","La Cuisine - Kitchen (Phrases)","Nous allons marche dans la forêt au printemps.","We are going to walk in the forest in spring."
"Marche en chantant","Walk while singing","/maʁʃ.ɑ̃.ʃɑ̃.tɑ̃/","La Cuisine - Kitchen (Phrases)","Il marche en chantant une belle mélodie.","He walks while singing a beautiful melody."
"Marche lentement","Walk slowly","/maʁʃ.lɑ̃t.mɑ̃/","La Cuisine - Kitchen (Phrases)","Marche lentement pour profiter du paysage.","Walk slowly to enjoy the scenery."
"Marche pieds nus","Walk barefoot","/maʁʃ.pje.ny/","La Cuisine - Kitchen (Phrases)","Elle aime marche pieds nus sur la plage.","She likes to walk barefoot on the beach."
"Marche sous la lune","Walk under the moon","/maʁʃ.su.la lyn/","La Cuisine - Kitchen (Phrases)","Ils aiment marche sous la lune le soir.","They like to walk under the moon at night."
"Marche vers l’avant","Walk forward","/maʁʃ.vɛʁ.lɑ.vɑ̃/","La Cuisine - Kitchen (Phrases)","Même après un échec, marche vers l’avant.","Even after a failure, walk forward."
"Marche vers le sommet","Walk toward the summit","/maʁʃ.vɛʁ.lə.sɔ.mɛ/","La Cuisine - Kitchen (Phrases)","Les alpinistes marche vers le sommet de la montagne.","The climbers walk toward the summit of the mountain."
"l'enfant","child","/lɑ̃ˈfɑ̃/","La Famille - Family","Le père et la mère préparent le dîner pour l'enfant.","The father and mother prepare dinner for the child."
"la famille","family","/la faˈmiːj/","La Famille - Family","La famille se réunit chaque dimanche.","The family gathers every Sunday."
"la grand-mère","grandmother","/la ɡʁɑ̃ mɛːʁ/","La Famille - Family","La grand-mère aide la mère à organiser une fête pour la famille.","The grandmother helps the mother organize a party for the family."
"la mère","mother","/la mɛːʁ/","La Famille - Family","Le père et la mère préparent le dîner pour l'enfant.","The father and mother prepare dinner for the child."
"la sœur","sister","/la sœːʁ/","La Famille - Family","Le frère joue avec la sœur dans le jardin.","The brother plays with the sister in the garden."
"le frère","brother","/lə fʁɛːʁ/","La Famille - Family","Le frère joue avec la sœur dans le jardin.","The brother plays with the sister in the garden."
"le grand-père","grandfather","/lə ɡʁɑ̃ pɛːʁ/","La Famille - Family","Le grand-père raconte des histoires à l'enfant.","The grandfather tells stories to the child."
"le père","father","/lə pɛːʁ/","La Famille - Family","Le père et la mère préparent le dîner pour l'enfant.","The father and mother prepare dinner for the child."
"Allons apprendre","Let's learn","/a.lɔ̃.a.pʁɑ̃.dʁə/","La Famille - Family (Phrases)","Allons apprendre une nouvelle langue ensemble.","Let's learn a new language together."
"Allons danser","Let's dance","/a.lɔ̃.dɑ̃.se/","La Famille - Family (Phrases)","Allons danser à la fête ce soir.","Let's dance at the party tonight."
"Allons explorer","Let's explore","/a.lɔ̃.ɛks.plɔ.ʁe/","La Famille - Family (Phrases)","Allons explorer la forêt ce weekend.","Let's explore the forest this weekend."
"Allons jouer","Let's play","/a.lɔ̃.ʒwe/","La Famille - Family (Phrases)","Allons jouer au parc avec les enfants.","Let's play at the park with the kids."
"Allons manger","Let's eat","/a.lɔ̃.mɑ̃.ʒe/","La Famille - Family (Phrases)","Allons manger dans ce nouveau restaurant.","Let's eat at this new restaurant."
"Allons parler","Let's talk","/a.lɔ̃.paʁ.le/","La Famille - Family (Phrases)","Allons parler de tes projets.","Let's talk about your plans."
"Allons voir","Let's see","/a.lɔ̃.vwaʁ/","La Famille - Family (Phrases)","Allons voir ce qui se passe dehors.","Let's see what's happening outside."
"Allons-y","Let's go","/a.lɔ̃.zi/","La Famille - Family (Phrases)","Allons-y pour commencer la réunion.","Let's go to start the meeting."
"la chambre","bedroom","/la ʃɑ̃bʁ/","La Maison - House  ","La maison a une belle chambre avec la fenêtre.","The house has a beautiful bedroom with the window."
"la cuisine","kitchen","/la kɥiˈzin/","La Maison - House  ","La cuisine a une grande table pour les repas.","The kitchen has a large table for meals."
"la fenêtre","window","/la fəˈnɛːtʁ/","La Maison - House  ","La fenêtre éclaire le salon chaque matin.","The window lights up the living room every morning."
"la maison","house","/la mɛˈzɔ̃/","La Maison - House  ","La maison a une belle chambre avec la fenêtre.","The house has a beautiful bedroom with the window."
"la porte","door","/la pɔʁt/","La Maison - House  ","La porte mène au jardin depuis la table.","The door leads to the garden from the table."
"la table","table","/la tabl/","La Maison - House  ","La cuisine a une grande table pour les repas.","The kitchen has a large table for meals."
"le jardin","garden","/lə ʒaʁˈdɛ̃/","La Maison - House  ","La porte mène au jardin depuis la table.","The door leads to the garden from the table."
"le salon","living room","/lə saˈlɔ̃/","La Maison - House  ","Le salon est près de la cuisine dans la maison.","The living room is near the kitchen in the house."
"Découvre avec curiosité","Discover with curiosity","/de.kuvʁ.a.vɛk.ky.ʁjo.zi.te/","La Maison - House (Phrases)","Toujours découvre avec curiosité et ouverture.","Always discover with curiosity and openness."
"Découvre en silence","Discover in silence","/de.kuvʁ.ɑ̃.si.lɑ̃s/","La Maison - House (Phrases)","Parfois il faut découvre en silence pour comprendre.","Sometimes you must discover in silence to understand."
"Découvre l’inattendu","Discover the unexpected","/de.kuvʁ.lɛ̃.na.tɑ̃.dy/","La Maison - House (Phrases)","Voyager te permet de découvre l’inattendu.","Traveling allows you to discover the unexpected."
"Découvre la nature","Discover nature","/de.kuvʁ.la.na.tyʁ/","La Maison - House (Phrases)","Pars en randonnée et découvre la nature.","Go hiking and discover nature."
"Découvre le monde","Discover the world","/de.kuvʁ.lə.mɔ̃d/","La Maison - House (Phrases)","Voyage et découvre le monde avec émerveillement.","Travel and discover the world with wonder."
"Découvre par toi-même","Discover by yourself","/de.kuvʁ.paʁ.twa.mɛm/","La Maison - House (Phrases)","Il est important de découvre par toi-même la vérité.","It is important to discover the truth by yourself."
"Découvre tes forces","Discover your strengths","/de.kuvʁ.te.fɔʁs/","La Maison - House (Phrases)","Dans les défis, découvre tes forces cachées.", "In challenges, discover your hidden strengths."                                           
"Découvre un trésor","Discover a treasure","/de.kuvʁ.œ̃.tʁe.zɔʁ/","La Maison - House (Phrases)","L’enfant découvre un trésor dans le jardin.","The child discovers a treasure in the garden."
"la chanson","song","/la ʃɑ̃ˈsɔ̃/","La Musique - Music  ","Le concert présente la chanson sur le piano.","The concert presents the song on the piano."
"la guitare","guitar","/la ɡiˈtaːʁ/","La Musique - Music  ","La guitare joue la chanson avec un bon rythme.","The guitar plays the song with a good rhythm."    
"la musique","music","/la myˈzik/","La Musique - Music  ","La musique du piano remplit le concert.","The music from the piano fills the concert."
"la note","note","/la nɔt/","La Musique - Music  ","Le violon produit une belle note dans la musique.","The violin produces a beautiful note in the music."
"le concert","concert","/lə kɔ̃ˈsɛːʁ/","La Musique - Music  ","Le concert présente la chanson sur le piano.","The concert presents the song on the piano."
"le piano","piano","/lə pjaˈno/","La Musique - Music  ","La musique du piano remplit le concert.","The music from the piano fills the concert."
"le rythme","rhythm","/lə ʁitm/","La Musique - Music  ","La note de la guitare suit le rythme.","The note from the guitar follows the rhythm."
"le violon","violin","/lə vjoˈlɔ̃/","La Musique - Music  ","Le violon produit une belle note dans la musique.","The violin produces a beautiful note in the music."
"Imagine avec audace","Imagine with boldness","/i.ma.ʒin.a.vɛk.o.das/","La Musique - Music (Phrases)","Pour créer, imagine avec audace.", "To create, imagine boldly."
"Imagine en couleurs","Imagine in colors","/i.ma.ʒin.ɑ̃.ku.lœʁ/","La Musique - Music (Phrases)","Pour rêver, imagine en couleurs vives.", "To dream, imagine in bright colors."
"Imagine l’infini","Imagine the infinite","/i.ma.ʒin.lɛ̃.fi.ni/","La Musique - Music (Phrases)","Ferme les yeux et imagine l’infini.","Close your eyes and imagine the infinite."
"Imagine la paix","Imagine peace","/i.ma.ʒin.la.pɛ/","La Musique - Music (Phrases)","Tout le monde aspire à imagine la paix.","Everyone aspires to imagine peace."
"Imagine sans frontières","Imagine without borders","/i.ma.ʒin.sɑ̃.fʁɔ̃.tjɛʁ/","La Musique - Music (Phrases)","Imagine sans frontières pour rêver grand.","Imagine without borders to dream big."
"Imagine ton bonheur","Imagine your happiness","/i.ma.ʒin.tɔ̃.bɔ.nœʁ/","La Musique - Music (Phrases)","Imagine ton bonheur et poursuis-le.","Imagine your happiness and pursue it."
"Imagine un futur","Imagine a future","/i.ma.ʒin.œ̃.fy.tyʁ/","La Musique - Music (Phrases)","Imagine un futur rempli d’espoir.","Imagine a future full of hope."
"Imagine un voyage","Imagine a journey","/i.ma.ʒin.œ̃.vwa.jaʒ/","La Musique - Music (Phrases)","Chaque enfant aime imagine un voyage extraordinaire.","Every child loves to imagine an extraordinary journey."
"l’arbre","tree","/laʁbʁ/","La Nature - Nature  ","L’arbre dans la forêt est éclairé par le soleil.","The tree in the forest is lit by the sun."
"la fleur","flower","/la flœːʁ/","La Nature - Nature  ","La fleur pousse dans la nature près de la rivière.","The flower grows in nature near the river."
"la forêt","forest","/la fɔˈʁɛ/","La Nature - Nature  ","L’arbre dans la forêt est éclairé par le soleil.","The tree in the forest is lit by the sun."
"la montagne","mountain","/la mɔ̃ˈtaɲ/","La Nature - Nature  ","La rivière coule près de la montagne sous le ciel.","The river flows near the mountain under the sky."
"la nature","nature","/la naˈtyːʁ/","La Nature - Nature  ","La nature est belle avec la fleur et l’arbre.","Nature is beautiful with the flower and the tree."
"la rivière","river","/la ʁiˈvjɛːʁ/","La Nature - Nature  ","La rivière coule près de la montagne sous le ciel.","The river flows near the mountain under the sky."
"le ciel","sky","/lə sjɛl/","La Nature - Nature  ","La rivière coule près de la montagne sous le ciel.","The river flows near the mountain under the sky."
"le soleil","sun","/lə sɔˈlɛj/","La Nature - Nature  ","Le soleil brille sur la forêt chaque matin.","The sun shines on the forest every morning."
"Vis avec joie","Live with joy","/vis.a.vɛk.ʒwa/","La Nature - Nature (Phrases)","Vis avec joie et partage ton bonheur.","Live with joy and share your happiness."
"Vis chaque jour","Live every day","/vis.ʃak.ʒuʁ/","La Nature - Nature (Phrases)","Vis chaque jour comme si c’était le dernier.","Live every day as if it were the last."
"Vis en liberté","Live in freedom","/vis.ɑ̃.li.bɛʁ.te/","La Nature - Nature (Phrases)","Chaque être humain mérite de vis en liberté.","Every human being deserves to live in freedom."
"Vis l’instant","Live in the moment","/vis.lɛ̃s.tɑ̃/","La Nature - Nature (Phrases)","Il faut apprendre à vis l’instant sans crainte.","You must learn to live in the moment without fear."
"Vis pleinement","Live fully","/vis.plɛn.mɑ̃/","La Nature - Nature (Phrases)","Vis pleinement chaque moment de ta vie.","Live fully every moment of your life."
"Vis pour aimer","Live to love","/vis.puʁ.e.me/","La Nature - Nature (Phrases)","Nous devrions tous vis pour aimer.","We should all live to love."
"Vis sans regrets","Live without regrets","/vis.sɑ̃.ʁə.ɡʁɛ/","La Nature - Nature (Phrases)","Il est important de vis sans regrets.","It is important to live without regrets."
"Vis ta vérité","Live your truth","/vis.ta.ve.ʁi.te/","La Nature - Nature (Phrases)","N’aie pas peur de vis ta vérité.","Do not be afraid to live your truth."
"l'eau","water","/lo/","La Nourriture - Food","L'eau est essentielle avec la nourriture épicée.","Water is essential with spicy food."
"la nourriture","food","/la nuʁiˈtyːʁ/","La Nourriture - Food","La nourriture française inclut beaucoup de fromage.","French food includes a lot of cheese."
"la pomme","apple","/la pɔm/","La Nourriture - Food","Après le dîner, je bois le café et mange la pomme.","After dinner, I drink coffee and eat the apple."
"la soupe","soup","/la sup/","La Nourriture - Food","Je mange du pain avec la soupe tous les soirs.","I eat bread with soup every evening."
"la viande","meat","/la vjɑ̃d/","La Nourriture - Food","La viande et le poisson sont servis avec le vin.","Meat and fish are served with wine."
"le fromage","cheese","/lə fʁoˈmaːʒ/","La Nourriture - Food","La nourriture française inclut beaucoup de fromage.","French food includes a lot of cheese."
"le pain","bread","/lə pɛ̃/","La Nourriture - Food","Je mange du pain avec la soupe tous les soirs.","I eat bread with soup every evening."
"le poisson","fish","/lə pwaˈsɔ̃/","La Nourriture - Food","La viande et le poisson sont servis avec le vin.","Meat and fish are served with wine."
"Fais attention","Be careful","/fɛ.a.tɑ̃.sjɔ̃/","La Nourriture - Food (Phrases)","Fais attention en coupant la viande.","Be careful when cutting the meat."
"Fais confiance","Trust","/fɛ.kɔ̃.fjɑ̃s/","La Nourriture - Food (Phrases)","Fais confiance, ce fromage est délicieux.","Trust, this cheese is delicious."
"Fais du sport","Do some sports","/fɛ.dy.spɔʁ/","La Nourriture - Food (Phrases)","Fais du sport avant de boire de l'eau.","Do some sports before drinking water."
"Fais un choix","Make a choice","/fɛ.œ̃.ʃwa/","La Nourriture - Food (Phrases)","Fais un choix entre le poisson et la viande.","Make a choice between fish and meat."
"Fais un dessin","Draw a picture","/fɛ.œ̃.de.sɛ̃/","La Nourriture - Food (Phrases)","Fais un dessin de la pomme pour le projet.","Draw a picture of the apple for the project."
"Fais un effort","Make an effort","/fɛ.œ̃.nɛ.fɔʁ/","La Nourriture - Food (Phrases)","Fais un effort pour goûter la soupe.","Make an effort to taste the soup."
"Fais une pause","Take a break","/fɛ.yn.pos/","La Nourriture - Food (Phrases)","Fais une pause après avoir mangé la nourriture.","Take a break after eating the food."
"Fais vite","Do it quickly","/fɛ.vit/","La Nourriture - Food (Phrases)","Fais vite, le dîner est prêt.","Do it quickly, dinner is ready."
"l’exercice","exercise","/lɛɡzɛʁˈsis/","La Santé - Health","La santé dépend de la nourriture et de l’exercice.","Health depends on food and exercise."
"l’hôpital","hospital","/lopiˈtal/","La Santé - Health","Le médecin travaille à l’hôpital pour soigner la maladie.","The doctor works at the hospital to treat the illness."
"la maladie","illness","/la maˈladi/","La Santé - Health","La nourriture saine aide à éviter la maladie.","Healthy food helps avoid illness."
"la santé","health","/la sɑ̃ˈte/","La Santé - Health","La santé dépend de la nourriture et de l’exercice.","Health depends on food and exercise."
"le corps","body","/lə kɔːʁ/","La Santé - Health","Le sommeil est essentiel pour le corps.","Sleep is essential for the body."
"le médecin","doctor","/lə medˈsɛ̃/","La Santé - Health","Le médecin travaille à l’hôpital pour soigner la maladie.","The doctor works at the hospital to treat the illness."
"le médicament","medicine","/lə mediˈkamɑ̃/","La Santé - Health","Je prends le médicament avec l’eau chaque matin.","I take the medicine with water every morning."
"le sommeil","sleep","/lə sɔˈmɛj/","La Santé - Health","Le sommeil est essentiel pour le corps.","Sleep is essential for the body."
"Rêve à voix haute","Dream out loud","/ʁɛv.a.vwa.ot/","La Santé - Health (Phrases)","Rêve à voix haute avec le médecin.","Dream out loud with the doctor."
"Rêve d’aventure","Dream of adventure","/ʁɛv.da.vɑ̃.tyʁ/","La Santé - Health (Phrases)","Rêve d’aventure en faisant de l’exercice.","Dream of adventure while exercising."
"Rêve d’un monde","Dream of a world","/ʁɛv.dœ̃.mɔ̃d/","La Santé - Health (Phrases)","Rêve d’un monde sans maladie.","Dream of a world without illness."
"Rêve de liberté","Dream of freedom","/ʁɛv.də.li.bɛʁ.te/","La Santé - Health (Phrases)","Rêve de liberté pour un corps sain.","Dream of freedom for a healthy body."
"Rêve en couleur","Dream in color","/ʁɛv.ɑ̃.ku.lœʁ/","La Santé - Health (Phrases)","Rêve en couleur pendant le sommeil.","Dream in color during sleep."
"Rêve éveillé","Daydream","/ʁɛv.e.ve.je/","La Santé - Health (Phrases)","Rêve éveillé en buvant de l’eau au parc.","Daydream while drinking water at the park."
"Rêve grand","Dream big","/ʁɛv.ɡʁɑ̃/","La Santé - Health (Phrases)","Rêve grand pour une meilleure santé.","Dream big for better health."
"Rêve toujours","Always dream","/ʁɛv.tu.ʒuʁ/","La Santé - Health (Phrases)","Rêve toujours d’une bonne santé.","Always dream of good health."
"l’écran","screen","/leˈkʁɑ̃/","La Technologie - Technology  ","L’écran affiche des images grâce à l’internet.","The screen displays images thanks to the internet."
"l’internet","internet","/lɛ̃tɛʁˈnɛt/","La Technologie - Technology  ","L’écran affiche des images grâce à l’internet.","The screen displays images thanks to the internet."
"l’ordinateur","computer","/lɔʁdinaˈtœːʁ/","La Technologie - Technology  ","La technologie moderne inclut l’ordinateur et le téléphone.","Modern technology includes the computer and the phone."
"la souris","mouse","/la suˈʁi/","La Technologie - Technology  ","La souris aide à naviguer sur l’écran.","The mouse helps navigate on the screen."
"la technologie","technology","/la tɛknoˈloʒi/","La Technologie - Technology  ","La technologie moderne inclut l’ordinateur et le téléphone.","Modern technology includes the computer and the phone."
"le clavier","keyboard","/lə klaˈvje/","La Technologie - Technology  ","Je tape sur le clavier pour utiliser le logiciel.","I type on the keyboard to use the software."
"le logiciel","software","/lə lɔʒiˈsjɛl/","La Technologie - Technology  ","Je tape sur le clavier pour utiliser le logiciel.","I type on the keyboard to use the software."
"le téléphone","phone","/lə teleˈfɔn/","La Technologie - Technology  ","Le téléphone se connecte à l’internet facilement.","The phone connects to the internet easily."
"Ris à gorge déployée","Laugh heartily","/ʁi.a.ɡɔʁʒ.de.plwa.je/","La Technologie - Technology (Phrases)","Elle ris à gorge déployée en écoutant la blague.","She laughs heartily while listening to the joke."
"Ris aux éclats","Laugh out loud","/ʁi.o.ze.kla/","La Technologie - Technology (Phrases)","Tout le monde ris aux éclats pendant le film.","Everyone laughs out loud during the movie."
"Ris avec eux","Laugh with them","/ʁi.a.vɛk.ø/","La Technologie - Technology (Phrases)","Partage un moment et ris avec eux.","Share a moment and laugh with them."
"Ris de bon cœur","Laugh wholeheartedly","/ʁi.də.bɔ̃.kœʁ/","La Technologie - Technology (Phrases)","Ris de bon cœur avec tes amis proches.","Laugh wholeheartedly with your close friends."
"Ris de bonheur","Laugh with happiness","/ʁi.də.bɔ.nœʁ/","La Technologie - Technology (Phrases)","Ris de bonheur quand la vie t’offre de belles surprises.","Laugh with happiness when life gives you beautiful surprises."
"Ris en silence","Laugh in silence","/ʁi.ɑ̃.si.lɑ̃s/","La Technologie - Technology (Phrases)","Dans la salle, elle ris en silence pour ne pas déranger.","In the hall, she laughs in silence to not disturb."
"Ris sans raison","Laugh without reason","/ʁi.sɑ̃.ʁɛ.zɔ̃/","La Technologie - Technology (Phrases)","Parfois, il est bon de ris sans raison.","Sometimes, it is good to laugh without reason."
"Ris sous cape","Laugh secretly","/ʁi.su.kap/","La Technologie - Technology (Phrases)","Il ris sous cape en voyant la scène.","He laughs secretly while watching the scene."
"la boutique","shop","/la buˈtik/","La Ville - City  ","La rue près de la boutique est toujours bondée.","The street near the shop is always crowded."
"la place","square","/la plas/","La Ville - City  ","La place accueille un marché près de la rue.","The square hosts a market near the street."
"la rue","street","/la ʁy/","La Ville - City  ","La rue près de la boutique est toujours bondée.","The street near the shop is always crowded."
"la ville","city","/la vil/","La Ville - City  ","La ville est connue pour la place centrale animée.","The city is known for its lively central square."
"le bâtiment","building","/lə baˈtimɑ̃/","La Ville - City  ","Le bâtiment domine le parc avec sa hauteur.","The building towers over the park with its height."
"le métro","subway","/lə meˈtʁo/","La Ville - City  ","Le métro passe sous le pont chaque matin.","The subway passes under the bridge every morning."
"le parc","park","/lə paʁk/","La Ville - City  ","Le bâtiment domine le parc avec sa hauteur.","The building towers over the park with its height."
"le pont","bridge","/lə pɔ̃/","La Ville - City  ","Le métro passe sous le pont chaque matin.","The subway passes under the bridge every morning."
"Ose avancer","Dare to move forward","/oz.a.vɑ̃.se/","La Ville - City (Phrases)","Même après un échec, ose avancer sans peur.","Even after a failure, dare to move forward without fear."
"Ose briller","Dare to shine","/oz.bʁi.je/","La Ville - City (Phrases)","N’aie pas peur, ose briller devant le monde.","Don’t be afraid, dare to shine in front of the world."
"Ose changer","Dare to change","/oz.ʃɑ̃.ʒe/","La Ville - City (Phrases)","Pour réussir, il faut ose changer ses habitudes.","To succeed, you have to dare to change your habits."
"Ose défier","Dare to challenge","/oz.de.fje/","La Ville - City (Phrases)","Ose défier tes limites pour grandir.","Dare to challenge your limits to grow."
"Ose espérer","Dare to hope","/oz.ɛs.pe.ʁe/","La Ville - City (Phrases)","Même dans la nuit, ose espérer un nouvel avenir.","Even in the night, dare to hope for a new future."
"Ose être toi","Dare to be yourself","/oz.ɛ.tʁə.twa/","La Ville - City (Phrases)","La liberté commence quand tu ose être toi.","Freedom begins when you dare to be yourself."
"Ose tenter","Dare to try","/oz.tɑ̃.te/","La Ville - City (Phrases)","N’hésite pas, ose tenter ta chance.","Don’t hesitate, dare to try your luck."
"Ose tout","Dare everything","/oz.tu/","La Ville - City (Phrases)","Quand tu crois en toi, tu peux ose tout.","When you believe in yourself, you can dare everything."
"l’année","year","/laˈne/","Le Temps - Time","L’année dernière, le matin était frais.","Last year, the morning was fresh."
"l’après-midi","afternoon","/lapʁɛˈmidi/","Le Temps - Time","La nuit est calme après l’après-midi chargé.","The night is calm after a busy afternoon."
"la semaine","week","/la səˈmɛn/","Le Temps - Time","La semaine commence par un beau jour.","The week starts with a beautiful day."
"le jour","day","/lə ʒuːʁ/","Le Temps - Time","La semaine commence par un beau jour.","The week starts with a beautiful day."
"le matin","morning","/lə maˈtɛ̃/","Le Temps - Time","L’année dernière, le matin était frais.","Last year, the morning was fresh."
"le mois","month","/lə mwa/","Le Temps - Time","Chaque mois, nous planifions le jour des réunions.","Every month, we plan the day of the meetings."
"le soir","evening","/lə swaːʁ/","Le Temps - Time","Le soir, je vérifie l’heure pour me reposer.","In the evening, I check the time to rest."
"le temps","time/weather","/lə tɑ̃/","Le Temps - Time","Le temps passe vite pendant la semaine.","Time passes quickly during the week."
"Chante avec moi","Sing with me","/ʃɑ̃t.a.vɛk.mwa/","Le Temps - Time (Phrases)","Chante avec moi pendant la nuit étoilée.","Sing with me during the starry night."
"Chante doucement","Sing softly","/ʃɑ̃t.dus.mɑ̃/","Le Temps - Time (Phrases)","Chante doucement dans l’après-midi calme.","Sing softly in the calm afternoon."
"Chante en chœur","Sing in chorus","/ʃɑ̃t.ɑ̃.kœʁ/","Le Temps - Time (Phrases)","Chante en chœur pendant la semaine scolaire.","Sing in chorus during the school week."
"Chante fort","Sing loudly","/ʃɑ̃t.fɔʁ/","Le Temps - Time (Phrases)","Chante fort ce soir pour célébrer l’année.","Sing loudly this evening to celebrate the year."
"Chante librement","Sing freely","/ʃɑ̃t.li.bʁə.mɑ̃/","Le Temps - Time (Phrases)","Chante librement chaque jour de l’année.","Sing freely every day of the year."
"Chante pour nous","Sing for us","/ʃɑ̃t.puʁ.nu/","Le Temps - Time (Phrases)","Chante pour nous ce soir à la fête.","Sing for us this evening at the party."
"Chante sous la pluie","Sing in the rain","/ʃɑ̃t.su.la.plɥi/","Le Temps - Time (Phrases)","Chante sous la pluie ce matin d’automne.","Sing in the rain this autumn morning."
"Chante une chanson","Sing a song","/ʃɑ̃t.yn.ʃɑ̃.sɔ̃/","Le Temps - Time (Phrases)","Chante une chanson chaque matin.","Sing a song every morning."
"l’emploi","job","/lɑ̃ˈplwa/","Le Travail - Work","L’emploi offre un bon salaire pour une longue carrière.","The job offers a good salary for a long career."
"la carrière","career","/la kaˈʁjɛːʁ/","Le Travail - Work","Le salaire soutient la carrière de mon collègue.","The salary supports my colleague’s career."
"la réunion","meeting","/la ʁeyˈnjɔ̃/","Le Travail - Work","La réunion concerne le projet dans le bureau.","The meeting is about the project in the office."
"le bureau","office","/lə byˈʁo/","Le Travail - Work","Le travail dans le bureau est intense cette semaine.","Work in the office is intense this week."
"le collègue","colleague","/lə kɔˈlɛɡ/","Le Travail - Work","Le collègue organise la réunion pour discuter du projet.","The colleague organizes the meeting to discuss the project."
"le projet","project","/lə pʁoˈʒɛ/","Le Travail - Work","Le collègue organise la réunion pour discuter du projet.","The colleague organizes the meeting to discuss the project."
"le salaire","salary","/lə saˈlɛːʁ/","Le Travail - Work","L’emploi offre un bon salaire pour une longue carrière.","The job offers a good salary for a long career."
"le travail","work","/lə tʁaˈvaj/","Le Travail - Work","Le travail dans le bureau est intense cette semaine.","Work in the office is intense this week."
"Suis l’horizon","Follow the horizon","/sɥi.lɔ.ʁi.zɔ̃/","Le Travail - Work (Phrases)","Suis l’horizon pour planifier le projet.","Follow the horizon to plan the project."
"Suis la foule","Follow the crowd","/sɥi.la.ful/","Le Travail - Work (Phrases)","Suis la foule pour découvrir le travail d’équipe.","Follow the crowd to discover teamwork."
"Suis la lumière","Follow the light","/sɥi.la.ly.mjɛʁ/","Le Travail - Work (Phrases)","Suis la lumière pour trouver des idées au bureau.","Follow the light to find ideas in the office."
"Suis le courant","Follow the flow","/sɥi.lə.ku.ʁɑ̃/","Le Travail - Work (Phrases)","Suis le courant pour gérer le projet.","Follow the flow to manage the project."
"Suis tes instincts","Follow your instincts","/sɥi.tez.ɛ̃s.tɛ̃/","Le Travail - Work (Phrases)","Suis tes instincts lors de la réunion.","Follow your instincts during the meeting."
"Suis tes rêves","Follow your dreams","/sɥi.te.ʁɛv/","Le Travail - Work (Phrases)","Suis tes rêves pour bâtir une carrière.","Follow your dreams to build a career."
"Suis ton chemin","Follow your path","/sɥi.tɔ̃.ʃə.mɛ̃/","Le Travail - Work (Phrases)","Suis ton chemin pour réussir dans ta carrière.","Follow your path to succeed in your career."
"Suis ton étoile","Follow your star","/sɥi.tɔ̃.e.twal/","Le Travail - Work (Phrases)","Suis ton étoile pour avancer dans l’emploi.","Follow your star to progress in the job."
"l’avion","airplane","/laˈvjɔ̃/","Le Voyage - Travel","Le billet pour l’avion est dans la valise.","The ticket for the airplane is in the suitcase."
"l’hôtel","hotel","/loˈtɛl/","Le Voyage - Travel","J’ai oublié mon passeport dans la valise à l’hôtel.","I forgot my passport in the suitcase at the hotel."
"la carte","map","/la kaʁt/","Le Voyage - Travel","Nous prenons le train avec la carte pour visiter le musée.","We take the train with the map to visit the museum."
"la valise","suitcase","/la vaˈliz/","Le Voyage - Travel","Le billet pour l’avion est dans la valise.","The ticket for the airplane is in the suitcase."
"le billet","ticket","/lə biˈjɛ/","Le Voyage - Travel","Le voyage à la plage nécessite le billet d’avion.","The trip to the beach requires an airplane ticket."
"le passeport","passport","/lə pasˈpɔːʁ/","Le Voyage - Travel","J’ai oublié mon passeport dans la valise à l’hôtel.","I forgot my passport in the suitcase at the hotel."
"le train","train","/lə tʁɛ̃/","Le Voyage - Travel","Nous prenons le train avec la carte pour visiter le musée.","We take the train with the map to visit the museum."
"le voyage","travel/trip","/lə vwaˈjaːʒ/","Le Voyage - Travel","Le voyage à la plage nécessite le billet d’avion.","The trip to the beach requires an airplane ticket."
"Regarde attentivement","Look carefully","/ʁə.ɡaʁd.a.tɑ̃.tiv.mɑ̃/","Le Voyage - Travel (Phrases)","Regarde attentivement le passeport.","Look carefully at the passport."
"Regarde autour","Look around","/ʁə.ɡaʁd.o.tuʁ/","Le Voyage - Travel (Phrases)","Regarde autour dans le musée.","Look around in the museum."
"Regarde bien","Look closely","/ʁə.ɡaʁd.bjɛ̃/","Le Voyage - Travel (Phrases)","Regarde bien la carte avant de partir.","Look closely at the map before leaving."
"Regarde ça","Look at this","/ʁə.ɡaʁd.sa/","Le Voyage - Travel (Phrases)","Regarde ça, le billet est déjà prêt.","Look at this, the ticket is already ready."
"Regarde dehors","Look outside","/ʁə.ɡaʁd.də.ɔʁ/","Le Voyage - Travel (Phrases)","Regarde dehors depuis l’hôtel.","Look outside from the hotel."
"Regarde derrière","Look behind","/ʁə.ɡaʁd.de.ʁjɛʁ/","Le Voyage - Travel (Phrases)","Regarde derrière pour vérifier la valise.","Look behind to check the suitcase."
"Regarde devant","Look ahead","/ʁə.ɡaʁd.də.vɑ̃/","Le Voyage - Travel (Phrases)","Regarde devant pour voir la plage.","Look ahead to see the beach."
"Regarde là-haut","Look up there","/ʁə.ɡaʁd.la.o/","Le Voyage - Travel (Phrases)","Regarde là-haut, l’avion passe !","Look up there, the airplane is passing!"
"l’animal","animal","/laˈniˈmal/","Les Animaux - Animals  ","L’animal préféré des enfants est souvent le chien.","The favorite animal of children is often the dog."
"l’oiseau","bird","/lwaˈzo/","Les Animaux - Animals  ","L’oiseau chante près de le chien dans le jardin.","The bird sings near the dog in the garden."
"la vache","cow","/la vaʃ/","Les Animaux - Animals  ","La vache vit dans un champ loin du lion.","The cow lives in a field far from the lion."
"le chat","cat","/lə ʃa/","Les Animaux - Animals  ","Le chat dort près de l’oiseau en cage.","The cat sleeps near the bird in a cage."
"le cheval","horse","/lə ʃəˈval/","Les Animaux - Animals  ","Le poisson nage dans l’aquarium avec le cheval en peinture.","The fish swims in the aquarium with a horse in a painting."
"le chien","dog","/lə ʃjɛ̃/","Les Animaux - Animals  ","L’animal préféré des enfants est souvent le chien.","The favorite animal of children is often the dog."
"le lion","lion","/lə ljɔ̃/","Les Animaux - Animals  ","La vache vit dans un champ loin du lion.","The cow lives in a field far from the lion."
"le poisson","fish","/lə pwaˈsɔ̃/","Les Animaux - Animals  ","Le poisson nage dans l’aquarium avec le cheval en peinture.","The fish swims in the aquarium with a horse in a painting."
"Parle avec cœur","Speak with heart","/paʁl.a.vɛk.kœʁ/","Les Animaux - Animals (Phrases)","Parle avec cœur pour toucher les autres.","Speak with heart to touch others."
"Parle d’amour","Speak of love","/paʁl.da.muʁ/","Les Animaux - Animals (Phrases)","Il aime parle d’amour dans ses chansons.","He likes to speak of love in his songs."
"Parle de toi","Speak about yourself","/paʁl.də.twa/","Les Animaux - Animals (Phrases)","N’hésite pas à parle de toi à tes amis.","Don’t hesitate to speak about yourself to your friends."
"Parle doucement","Speak softly","/paʁl.dus.mɑ̃/","Les Animaux - Animals (Phrases)","Avec les enfants, il faut parle doucement.","With children, you have to speak softly."
"Parle en secret","Speak in secret","/paʁl.ɑ̃.sə.ɡʁɛ/","Les Animaux - Animals (Phrases)","Ils se réunissent pour parle en secret.","They meet to speak in secret."
"Parle franchement","Speak frankly","/paʁl.fʁɑ̃ʃ.mɑ̃/","Les Animaux - Animals (Phrases)","Parle franchement pour éviter les malentendus.","Speak frankly to avoid misunderstandings."
"Parle plus fort","Speak louder","/paʁl.ply.fɔʁ/","Les Animaux - Animals (Phrases)","Dans une grande salle, il faut parle plus fort.","In a large hall, you have to speak louder."
"Parle sans crainte","Speak without fear","/paʁl.sɑ̃.kʁɛ̃t/","Les Animaux - Animals (Phrases)","Parle sans crainte de ce que tu ressens.","Speak without fear about what you feel."
"la couleur","color","/la kuˈlœːʁ/","Les Couleurs - Colors  ","La couleur préférée de la robe est le rouge.","The favorite color of the dress is red."
"le blanc","white","/lə blɑ̃/","Les Couleurs - Colors  ","J’aime le jaune des fleurs et le blanc des murs.","I love the yellow of flowers and the white of walls."
"le bleu","blue","/lə blø/","Les Couleurs - Colors  ","Le bleu du ciel va bien avec le vert des arbres.","The blue of the sky goes well with the green of the trees."
"le jaune","yellow","/lə ʒon/","Les Couleurs - Colors  ","J’aime le jaune des fleurs et le blanc des murs.","I love the yellow of flowers and the white of walls."
"le noir","black","/lə nwaːʁ/","Les Couleurs - Colors  ","Le noir de la voiture contraste avec le rose des fleurs.","The black of the car contrasts with the pink of flowers."
"le rose","pink","/lə ʁoz/","Les Couleurs - Colors  ","Le noir de la voiture contraste avec le rose des fleurs.","The black of the car contrasts with the pink of flowers."
"le rouge","red","/lə ʁuːʒ/","Les Couleurs - Colors  ","La couleur le rouge domine dans la peinture.","The color red dominates in the painting."
"le vert","green","/lə vɛːʁ/","Les Couleurs - Colors  ","Le bleu du ciel va bien avec le vert des arbres.","The blue of the sky goes well with the green of the trees."
"Cherche avec patience","Search with patience","/ʃɛʁʃ.a.vɛk.pa.sjɑ̃s/","Les Couleurs - Colors (Phrases)","Pour réussir, cherche avec patience et persévérance.","To succeed, search with patience and perseverance."
"Cherche dans ton cœur","Search in your heart","/ʃɛʁʃ.dɑ̃.tɔ̃.kœʁ/","Les Couleurs - Colors (Phrases)","Quand tu es perdu, cherche dans ton cœur.","When you are lost, search in your heart."
"Cherche l’aventure","Search for adventure","/ʃɛʁʃ.la.vɑ̃.tyʁ/","Les Couleurs - Colors (Phrases)","Voyage et cherche l’aventure partout.","Travel and search for adventure everywhere."
"Cherche l’inspiration","Search for inspiration","/ʃɛʁʃ.lɛ̃s.pi.ʁa.sjɔ̃/","Les Couleurs - Colors (Phrases)","L’artiste cherche l’inspiration dans la nature.","The artist searches for inspiration in nature."
"Cherche la vérité","Search for the truth","/ʃɛʁʃ.la.ve.ʁi.te/","Les Couleurs - Colors (Phrases)","Toujours cherche la vérité dans chaque situation.","Always search for the truth in every situation."
"Cherche le bonheur","Search for happiness","/ʃɛʁʃ.lə.bɔ.nœʁ/","Les Couleurs - Colors (Phrases)","Cherche le bonheur dans les petites choses.","Search for happiness in little things."
"Cherche sans relâche","Search relentlessly","/ʃɛʁʃ.sɑ̃.ʁə.lɑʃ/","Les Couleurs - Colors (Phrases)","Il faut cherche sans relâche pour atteindre ses rêves.","You must search relentlessly to achieve your dreams."
"Cherche ton chemin","Search for your path","/ʃɛʁʃ.tɔ̃.ʃə.mɛ̃/","Les Couleurs - Colors (Phrases)","Avec courage, cherche ton chemin dans la vie.","With courage, search for your path in life."
"l’amour","love","/laˈmuːʁ/","Les Émotions - Emotions  ","L’amour et la joie sont des émotions fortes.","Love and joy are strong emotions."
"l’émotion","emotion","/lemoˈsjɔ̃/","Les Émotions - Emotions  ","L’émotion de la joie remplit la fête.","The emotion of joy fills the party."
"la colère","anger","/la kɔˈlɛːʁ/","Les Émotions - Emotions  ","La colère peut cacher l’amour véritable.","Anger can hide true love."
"la joie","joy","/la ʒwa/","Les Émotions - Emotions  ","L’amour et la joie sont des émotions fortes.","Love and joy are strong emotions."
"la peur","fear","/la pœːʁ/","Les Émotions - Emotions  ","La tristesse suit parfois la peur dans la nuit.","Sadness sometimes follows fear in the night."
"la surprise","surprise","/la syʁˈpʁiz/","Les Émotions - Emotions  ","La surprise apporte le bonheur à l’anniversaire.","The surprise brings happiness to the birthday."
"la tristesse","sadness","/la tʁisˈtɛs/","Les Émotions - Emotions  ","La tristesse suit parfois la peur dans la nuit.","Sadness sometimes follows fear in the night."
"le bonheur","happiness","/lə bɔˈnœːʁ/","Les Émotions - Emotions  ","La surprise apporte le bonheur à l’anniversaire.","The surprise brings happiness to the birthday."
"Souris à l’avenir","Smile at the future","/su.ʁi.a.la.və.niʁ/","Les Émotions - Emotions (Phrases)","Malgré les défis, souris à l’avenir.","Despite the challenges, smile at the future."
"Souris à la vie","Smile at life","/su.ʁi.a.la.vi/","Les Émotions - Emotions (Phrases)","Chaque jour, souris à la vie avec optimisme.","Every day, smile at life with optimism."
"Souris aux inconnus","Smile at strangers","/su.ʁi.o.zɛ̃.kɔ.ny/","Les Émotions - Emotions (Phrases)","Souris aux inconnus pour répandre la gentillesse.","Smile at strangers to spread kindness."
"Souris avec douceur","Smile gently","/su.ʁi.a.vɛk.du.sœʁ/","Les Émotions - Emotions (Phrases)","Souris avec douceur pour rassurer un enfant.","Smile gently to reassure a child."
"Souris avec éclat","Smile brightly","/su.ʁi.a.vɛk.e.kla/","Les Émotions - Emotions (Phrases)","Elle souris avec éclat en recevant la nouvelle.","She smiles brightly upon receiving the news."
"Souris en secret","Smile in secret","/su.ʁi.ɑ̃.sə.ɡʁɛ/","Les Émotions - Emotions (Phrases)","Il souris en secret en pensant à son ami.","He smiles in secret thinking of his friend."
"Souris sans raison","Smile without reason","/su.ʁi.sɑ̃.ʁɛ.zɔ̃/","Les Émotions - Emotions (Phrases)","Parfois il est bon de souris sans raison.","Sometimes it’s good to smile without reason."
"Souris sous le soleil","Smile under the sun","/su.ʁi.su.lə.sɔ.lɛj/","Les Émotions - Emotions (Phrases)","En vacances, souris sous le soleil.","During the holidays, smile under the sun."
"l’anniversaire","birthday","/laniˈvɛʁsɛːʁ/","Les Fêtes - Holidays  ","J’offre le cadeau pour l’anniversaire dans la célébration.","I give the gift for the birthday during the celebration."
"la célébration","celebration","/la selebʁaˈsjɔ̃/","Les Fêtes - Holidays  ","La célébration commence avec le cadeau sous le sapin.","The celebration begins with the gift under the Christmas tree."
"la décoration","decoration","/la dekɔʁaˈsjɔ̃/","Les Fêtes - Holidays  ","La décoration illumine la fête avec le feu d’artifice.","The decoration lights up the holiday with the firework."
"la fête","holiday","/la fɛt/","Les Fêtes - Holidays  ","La fête de Noël inclut le sapin décoré.","The Christmas holiday includes the decorated Christmas tree."
"le cadeau","gift","/lə kaˈdo/","Les Fêtes - Holidays  ","J’offre le cadeau pour l’anniversaire dans la célébration.","I give the gift for the birthday during the celebration."
"le feu d’artifice","firework","/lə fø daʁtiˈfis/","Les Fêtes - Holidays  ","La décoration illumine la fête avec le feu d’artifice.","The decoration lights up the holiday with the firework."
"le sapin","Christmas tree","/lə saˈpɛ̃/","Les Fêtes - Holidays  ","Le sapin est au centre de Noël.","The Christmas tree is at the center of Christmas."
"Noël","Christmas","/noˈɛl/","Les Fêtes - Holidays  ","La fête de Noël inclut le sapin décoré.","The Christmas holiday includes the decorated Christmas tree."
"Inspire avec force","Inspire with strength","/ɛ̃s.piʁ.a.vɛk.fɔʁs/","Les Fêtes - Holidays (Phrases)","Inspire avec force ceux qui doutent.","Inspire with strength those who doubt."
"Inspire en douceur","Inspire gently","/ɛ̃s.piʁ.ɑ̃.du.sœʁ/","Les Fêtes - Holidays (Phrases)","Inspire en douceur pour apaiser les cœurs.","Inspire gently to soothe hearts."
"Inspire la créativité","Inspire creativity","/ɛ̃s.piʁ.la.kʁe.a.ti.vi.te/","Les Fêtes - Holidays (Phrases)","Inspire la créativité chez les jeunes.","Inspire creativity in young people."
"Inspire les autres","Inspire others","/ɛ̃s.piʁ.lez.o.tʁə/","Les Fêtes - Holidays (Phrases)","Inspire les autres par tes actions positives.","Inspire others through your positive actions."
"Inspire par l’exemple","Inspire by example","/ɛ̃s.piʁ.paʁ.lɛɡ.zɑ̃pl/","Les Fêtes - Holidays (Phrases)","Toujours inspire par l’exemple plutôt que par les mots.","Always inspire by example rather than words."
"Inspire par ta lumière","Inspire with your light","/ɛ̃s.piʁ.paʁ.ta.ly.mjɛʁ/","Les Fêtes - Holidays (Phrases)","Inspire par ta lumière ceux qui t’entourent.","Inspire with your light those around you."
"Inspire sans mots","Inspire without words","/ɛ̃s.piʁ.sɑ̃.mo/","Les Fêtes - Holidays (Phrases)","Parfois tu peux inspire sans mots.","Sometimes you can inspire without words."
"Inspire un changement","Inspire a change","/ɛ̃s.piʁ.œ̃.ʃɑ̃ʒ.mɑ̃/","Les Fêtes - Holidays (Phrases)","Inspire un changement dans ta communauté.","Inspire a change in your community."
"la danse","dance","/la dɑ̃s/","Les Loisirs - Hobbies","Le sport et la danse sont populaires au cinéma.","Sports and dance are popular in cinema."
"la lecture","reading","/la lɛkˈtyːʁ/","Les Loisirs - Hobbies","La lecture d’un livre est un bon jeu pour les enfants.","Reading a book is a good game for children."
"la musique","music","/la myˈzik/","Les Loisirs - Hobbies","Le loisir préféré de mon ami est la musique.","My friend’s favorite hobby is music."
"la peinture","painting","/la pɛ̃ˈtyːʁ/","Les Loisirs - Hobbies","La peinture et la musique inspirent beaucoup de gens.","Painting and music inspire many people."
"le cinéma","cinema","/lə siˈnema/","Les Loisirs - Hobbies","Je vais au cinéma après avoir fini la lecture.","I go to the cinema after finishing reading."
"le jeu","game","/lə ʒø/","Les Loisirs - Hobbies","La lecture d’un livre est un bon jeu pour les enfants.","Reading a book is a good game for children."
"le loisir","hobby","/lə lwaˈziːʁ/","Les Loisirs - Hobbies","Le loisir préféré de mon ami est la musique.","My friend’s favorite hobby is music."
"le sport","sport","/lə spɔːʁ/","Les Loisirs - Hobbies","Le sport et la danse sont populaires au cinéma.","Sports and dance are popular in cinema."
"Danse avec grâce","Dance with grace","/dɑ̃s.a.vɛk.ɡʁas/","Les Loisirs - Hobbies (Phrases)","Danse avec grâce dans la peinture.","Dance with grace in the painting."
"Danse avec passion","Dance with passion","/dɑ̃s.a.vɛk.pa.sjɔ̃/","Les Loisirs - Hobbies (Phrases)","Danse avec passion au cinéma.","Dance with passion at the cinema."
"Danse comme personne","Dance like nobody’s watching","/dɑ̃s.kɔm.pɛʁ.sɔn/","Les Loisirs - Hobbies (Phrases)","Danse comme personne pendant le loisir.","Dance like nobody’s watching during the hobby."
"Danse en rythme","Dance in rhythm","/dɑ̃s.ɑ̃.ʁit.mə/","Les Loisirs - Hobbies (Phrases)","Danse en rythme avec la musique.","Dance in rhythm with the music."
"Danse lentement","Dance slowly","/dɑ̃s.lɑ̃t.mɑ̃/","Les Loisirs - Hobbies (Phrases)","Danse lentement pendant la musique douce.","Dance slowly during soft music."
"Danse sans peur","Dance without fear","/dɑ̃s.sɑ̃.pœʁ/","Les Loisirs - Hobbies (Phrases)","Danse sans peur lors de la soirée jeu.","Dance without fear during the game night."
"Danse sous les étoiles","Dance under the stars","/dɑ̃s.su.lez.e.twal/","Les Loisirs - Hobbies (Phrases)","Danse sous les étoiles après la lecture.","Dance under the stars after reading."
"Danse toute la journée","Dance all day","/dɑ̃s.tut.la.ʒuʁ.ne/","Les Loisirs - Hobbies (Phrases)","Danse toute la journée pour le sport.","Dance all day for the sport."
"l’enseignant","teacher (male)","/lɑ̃seˈɲɑ̃/","Les Métiers - Professions  ","L’enseignant et l’infirmier travaillent avec le cuisinier.","The teacher and nurse work with the chef."
"l’infirmier","nurse (male)","/lɛ̃fiʁˈmje/","Les Métiers - Professions  ","L’enseignant et l’infirmier travaillent avec le cuisinier.","The teacher and nurse work with the chef."
"l’ingénieur","engineer","/lɛ̃ʒeˈnjœːʁ/","Les Métiers - Professions  ","L’ingénieur collabore avec le vendeur sur un projet.","The engineer collaborates with the salesperson on a project."
"le cuisinier","chef","/lə kɥiziˈnje/","Les Métiers - Professions  ","Le cuisinier apprend des techniques de l’enseignant.","The chef learns techniques from the teacher."
"le médecin","doctor","/lə medˈsɛ̃/","Les Métiers - Professions  ","Le métier de le médecin est important pour la santé.","The profession of doctor is important for health."
"le métier","profession","/lə meˈtje/","Les Métiers - Professions  ","Le métier de le médecin est important pour la santé.","The profession of doctor is important for health."
"le pompier","firefighter","/lə pɔ̃ˈpje/","Les Métiers - Professions  ","Le pompier sauve des vies, tout comme le médecin.", "The firefighter saves lives, just like the doctor."
"le vendeur","salesperson","/lə vɑ̃ˈdœːʁ/","Les Métiers - Professions  ","L’ingénieur collabore avec le vendeur sur un projet.","The engineer collaborates with the salesperson on a project."
"Voyage avec audace","Travel with boldness","/vwa.jaʒ.a.vɛk.o.das/","Les Métiers - Professions (Phrases)","Voyage avec audace pour vivre des expériences uniques.","Travel with boldness to live unique experiences."
"Voyage avec légèreté","Travel with lightness","/vwa.jaʒ.a.vɛk.le.ʒɛʁ.te/","Les Métiers - Professions (Phrases)","Voyage avec légèreté et profite de chaque instant.","Travel with lightness and enjoy every moment."
"Voyage dans le temps","Travel through time","/vwa.jaʒ.dɑ̃.lə.tɑ̃/","Les Métiers - Professions (Phrases)","En lisant un livre, tu peux voyage dans le temps.","By reading a book, you can travel through time."
"Voyage en solitude","Travel in solitude","/vwa.jaʒ.ɑ̃.sɔ.li.tyd/","Les Métiers - Professions (Phrases)","Parfois, voyage en solitude pour mieux te retrouver.","Sometimes, travel in solitude to better find yourself."
"Voyage pour découvrir","Travel to discover","/vwa.jaʒ.puʁ.de.ku.vʁiʁ/","Les Métiers - Professions (Phrases)","Voyage pour découvrir de nouvelles cultures.","Travel to discover new cultures."
"Voyage sans fin","Travel endlessly","/vwa.jaʒ.sɑ̃.fɛ̃/","Les Métiers - Professions (Phrases)","Les rêves te font voyage sans fin.","Dreams make you travel endlessly."
"Voyage sous les cieux","Travel under the skies","/vwa.jaʒ.su.le.sjø/","Les Métiers - Professions (Phrases)","Ils adorent voyage sous les cieux étoilés.","They love to travel under the starry skies."
"Voyage vers l’inconnu","Travel toward the unknown","/vwa.jaʒ.vɛʁ.lɛ̃.kɔ.ny/","Les Métiers - Professions (Phrases)","Il aime voyage vers l’inconnu pour découvrir le monde.","He likes to travel toward the unknown to discover the world."
"l’arbre","tree","/laʁbʁ/","Les Plantes - Plants  ","L’arbre pousse avec la racine profonde et l’herbe autour.","The tree grows with deep roots and grass around."
"l’herbe","grass","/lɛʁb/","Les Plantes - Plants  ","L’arbre pousse avec la racine profonde et l’herbe autour.","The tree grows with deep roots and grass around."
"la feuille","leaf","/la fœj/","Les Plantes - Plants  ","La feuille sur la tige est verte et brillante.","The leaf on the stem is green and shiny."
"la fleur","flower","/la flœːʁ/","Les Plantes - Plants  ","La plante dans le jardin a une belle fleur.","The plant in the garden has a beautiful flower."
"la plante","plant","/la plɑ̃t/","Les Plantes - Plants  ","La plante dans le jardin a une belle fleur.","The plant in the garden has a beautiful flower."
"la racine","root","/la ʁaˈsin/","Les Plantes - Plants  ","L’arbre pousse avec la racine profonde et l’herbe autour.","The tree grows with deep roots and grass around."
"la tige","stem","/la tiʒ/","Les Plantes - Plants  ","La feuille sur la tige est verte et brillante.","The leaf on the stem is green and shiny."
"le fruit","fruit","/lə fʁɥi/","Les Plantes - Plants  ","Le fruit tombe de l’arbre près de la plante.","The fruit falls from the tree near the plant."
"Respire à pleins poumons","Breathe with full lungs","/ʁɛs.piʁ.a.plɛ̃.pu.mɔ̃/","Les Plantes - Plants (Phrases)","Après la course, respire à pleins poumons.","After the race, breathe with full lungs."
"Respire avec calme","Breathe calmly","/ʁɛs.piʁ.a.vɛk.kalm/","Les Plantes - Plants (Phrases)","Dans les moments difficiles, respire avec calme.","In difficult moments, breathe calmly."
"Respire en paix","Breathe in peace","/ʁɛs.piʁ.ɑ̃.pɛ/","Les Plantes - Plants (Phrases)","Sous les étoiles, respire en paix.","Under the stars, breathe in peace."
"Respire l’air pur","Breathe fresh air","/ʁɛs.piʁ.lɛʁ.pyʁ/","Les Plantes - Plants (Phrases)","Au bord de la mer, respire l’air pur.","At the edge of the sea, breathe fresh air."
"Respire la fraîcheur","Breathe the freshness","/ʁɛs.piʁ.la.fʁɛ.ʃœʁ/","Les Plantes - Plants (Phrases)","Respire la fraîcheur du matin.","Breathe the freshness of the morning."
"Respire la liberté","Breathe freedom","/ʁɛs.piʁ.la.li.bɛʁ.te/","Les Plantes - Plants (Phrases)","Sur la montagne, respire la liberté.","On the mountain, breathe freedom."
"Respire profondément","Breathe deeply","/ʁɛs.piʁ.pʁɔ.fɔ̃.de.mɑ̃/","Les Plantes - Plants (Phrases)","Chaque matin, respire profondément pour commencer la journée.","Every morning, breathe deeply to start the day."
"Respire sous le ciel","Breathe under the sky","/ʁɛs.piʁ.su.lə.sjɛl/","Les Plantes - Plants (Phrases)","Respire sous le ciel bleu d’été.","Breathe under the blue summer sky."
"l’automne","autumn","/loˈtɔn/","Les Saisons - Seasons  ","L’automne apporte des feuilles et la neige suit en hiver.","Autumn brings leaves and snow follows in winter."
"l’été","summer","/leˈte/","Les Saisons - Seasons  ","L’été est chaud, mais la pluie arrive parfois.","Summer is hot, but rain sometimes comes."
"l’hiver","winter","/liˈvɛːʁ/","Les Saisons - Seasons  ","La neige couvre le sol en hiver.","Snow covers the ground in winter."
"la neige","snow","/la nɛːʒ/","Les Saisons - Seasons  ","La neige couvre le sol en hiver.","Snow covers the ground in winter."
"la pluie","rain","/la plɥi/","Les Saisons - Seasons  ","L’été est chaud, mais la pluie arrive parfois.","Summer is hot, but rain sometimes comes."
"la saison","season","/la sɛˈzɔ̃/","Les Saisons - Seasons  ","La saison préférée est le printemps avec le soleil.","The favorite season is spring with the sun."
"le printemps","spring","/lə pʁɛ̃ˈtɑ̃/","Les Saisons - Seasons  ","La saison préférée est le printemps avec le soleil.","The favorite season is spring with the sun."
"le soleil","sun","/lə sɔˈlɛj/","Les Saisons - Seasons  ","Le soleil brille fort pendant l’été.","The sun shines brightly during summer."
"Écris avec soin","Write with care","/e.kʁi.a.vɛk.swɛ̃/","Les Saisons - Seasons (Phrases)","Toujours prends le temps d’écris avec soin.","Always take the time to write with care."
"Écris la vérité","Write the truth","/e.kʁi.la.ve.ʁi.te/","Les Saisons - Seasons (Phrases)","N’aie pas peur, écris la vérité.","Don’t be afraid, write the truth."
"Écris pour toi","Write for yourself","/e.kʁi.puʁ.twa/","Les Saisons - Seasons (Phrases)","Parfois il est important d’écris pour toi seul.","Sometimes it’s important to write for yourself alone."
"Écris sans peur","Write without fear","/e.kʁi.sɑ̃.pœʁ/","Les Saisons - Seasons (Phrases)","Écris sans peur ce que tu ressens.","Write without fear what you feel."
"Écris sous les étoiles","Write under the stars","/e.kʁi.su.lez.e.twal/","Les Saisons - Seasons (Phrases)","Ils aiment écris sous les étoiles pendant l’été.","They like to write under the stars during summer."
"Écris tes pensées","Write your thoughts","/e.kʁi.te.pɑ̃.se/","Les Saisons - Seasons (Phrases)","Chaque soir, écris tes pensées dans un journal.","Every night, write your thoughts in a journal."
"Écris ton histoire","Write your story","/e.kʁi.tɔ̃.nis.twaʁ/","Les Saisons - Seasons (Phrases)","Écris ton histoire avec courage et inspiration.","Write your story with courage and inspiration."
"Écris un poème","Write a poem","/e.kʁi.œ̃.pɔ.ɛm/","Les Saisons - Seasons (Phrases)","Elle aime écris un poème quand elle est inspirée.","She likes to write a poem when she is inspired."
"l’équipe","team","/leˈkip/","Les Sports - Sports  ","La piscine accueille l’équipe pour le match.","The swimming pool hosts the team for the match."
"la piscine","swimming pool","/la piˈsin/","Les Sports - Sports  ","La piscine accueille l’équipe pour le match.","The swimming pool hosts the team for the match."
"le ballon","ball","/lə baˈlɔ̃/","Les Sports - Sports  ","Le sport se joue sur le terrain avec le ballon.","The sport is played on the field with the ball."
"le but","goal","/lə by/","Les Sports - Sports  ","Le but est marqué pendant le match.","The goal is scored during the match."
"le match","match","/lə matʃ/","Les Sports - Sports  ","Le but est marqué pendant le match.","The goal is scored during the match."
"le sport","sport","/lə spɔːʁ/","Les Sports - Sports  ","Le sport se joue sur le terrain avec le ballon.","The sport is played on the field with the ball."
"le terrain","field","/lə tɛˈʁɛ̃/","Les Sports - Sports  ","Je roule le vélo autour du terrain.","I ride the bicycle around the field."
"le vélo","bicycle","/lə veˈlo/","Les Sports - Sports  ","Je roule le vélo autour du terrain.","I ride the bicycle around the field."
"Aime avec passion","Love with passion","/ɛm.a.vɛk.pa.sjɔ̃/","Les Sports - Sports (Phrases)","Il faut aime avec passion ce que tu fais.","You must love with passion what you do."
"Aime avec tendresse","Love with tenderness","/ɛm.a.vɛk.tɑ̃.dʁɛs/","Les Sports - Sports (Phrases)","Aime avec tendresse et douceur.","Love with tenderness and gentleness."
"Aime chaque instant","Love every moment","/ɛm.ʃak.ɛ̃s.tɑ̃/","Les Sports - Sports (Phrases)","Aime chaque instant de ta vie.","Love every moment of your life."
"Aime comme jamais","Love like never before","/ɛm.kɔm.ʒa.mɛ/","Les Sports - Sports (Phrases)","Aime comme jamais et profite du moment présent.","Love like never before and enjoy the present moment."
"Aime en secret","Love in secret","/ɛm.ɑ̃.sə.ɡʁɛ/","Les Sports - Sports (Phrases)","Elle aime en secret depuis longtemps.","She has loved in secret for a long time."
"Aime la vie","Love life","/ɛm.la.vi/","Les Sports - Sports (Phrases)","Aime la vie avec tout ce qu’elle t’apporte.","Love life with everything it brings you."
"Aime sans condition","Love unconditionally","/ɛm.sɑ̃.kɔ̃.di.sjɔ̃/","Les Sports - Sports (Phrases)","Les parents aime sans condition leurs enfants.","Parents love their children unconditionally."
"Aime sincèrement","Love sincerely","/ɛm.sɛ̃.sɛʁ.mɑ̃/","Les Sports - Sports (Phrases)","Aime sincèrement et tu recevras le même en retour.","Love sincerely and you will receive the same in return."
"l’avion","airplane","/laˈvjɔ̃/","Les Transports - Transportation  ","L’avion décolle après le bateau sur l’eau.","The airplane takes off after the boat on the water."
"la gare","station","/la ɡaːʁ/","Les Transports - Transportation  ","Le bus s’arrête près de la gare pour le train.","The bus stops near the station for the train."
"la voiture","car","/la vwaˈtyːʁ/","Les Transports - Transportation  ","La voiture suit le bateau le long de la côte.","The car follows the boat along the coast."
"le bateau","boat","/lə baˈto/","Les Transports - Transportation  ","L’avion décolle après le bateau sur l’eau.","The airplane takes off after the boat on the water."
"le bus","bus","/lə bys/","Les Transports - Transportation  ","Le bus s’arrête près de la gare pour le train.","The bus stops near the station for the train."
"le train","train","/lə tʁɛ̃/","Les Transports - Transportation  ","Le bus s’arrête près de la gare pour le train.","The bus stops near the station for the train."
"le transport","transportation","/lə tʁɑ̃sˈpɔːʁ/","Les Transports - Transportation  ","Le transport en la voiture est rapide.","Transportation by car is fast."
"le vélo","bicycle","/lə veˈlo/","Les Transports - Transportation  ","Le vélo est utilisé dans la gare pour se déplacer.","The bicycle is used in the station to move around."
"Apprends à voler","Learn to fly","/a.pʁɑ̃.a.vɔ.le/","Les Transports - Transportation (Phrases)","Avec courage, apprends à voler vers tes rêves.","With courage, learn to fly toward your dreams."
"Apprends avec passion","Learn with passion","/a.pʁɑ̃.a.vɛk.pa.sjɔ̃/","Les Transports - Transportation (Phrases)","Pour progresser, apprends avec passion.","To progress, learn with passion."
"Apprends chaque jour","Learn every day","/a.pʁɑ̃.ʃak.ʒuʁ/","Les Transports - Transportation (Phrases)","Apprends chaque jour quelque chose de nouveau.","Learn something new every day."
"Apprends des autres","Learn from others","/a.pʁɑ̃.dez.o.tʁə/","Les Transports - Transportation (Phrases)","Apprends des autres et partage ton savoir.","Learn from others and share your knowledge."
"Apprends en silence","Learn in silence","/a.pʁɑ̃.ɑ̃.si.lɑ̃s/","Les Transports - Transportation (Phrases)","À l’école, apprends en silence pour mieux comprendre.","At school, learn in silence to better understand."
"Apprends la sagesse","Learn wisdom","/a.pʁɑ̃.la.sa.ʒɛs/","Les Transports - Transportation (Phrases)","Apprends la sagesse à travers l’expérience.","Learn wisdom through experience."
"Apprends par cœur","Learn by heart","/a.pʁɑ̃.paʁ.kœʁ/","Les Transports - Transportation (Phrases)","Apprends par cœur ce poème pour demain.","Learn this poem by heart for tomorrow."
"Apprends sans hâte","Learn without haste","/a.pʁɑ̃.sɑ̃.ɑt/","Les Transports - Transportation (Phrases)","Apprends sans hâte, mais avec constance.","Learn without haste, but with constancy."
"l’écharpe","scarf","/leˈʃaʁp/","Les Vêtements - Clothing","L’écharpe protège du froid avec le chapeau.","The scarf protects from the cold with the hat."
"la chaussure","shoe","/la ʃoˈsyːʁ/","Les Vêtements - Clothing","Elle porte la robe et la chaussure pour la fête.","She wears the dress and shoes for the party."
"la chemise","shirt","/la ʃəˈmiz/","Les Vêtements - Clothing","J’achète la chemise et le pantalon pour l’école.","I buy the shirt and pants for school."
"la robe","dress","/la ʁɔb/","Les Vêtements - Clothing","Le vêtement préféré de Marie est la robe élégante.","Marie’s favorite clothing is the elegant dress."
"la veste","jacket","/la vɛst/","Les Vêtements - Clothing","La chaussure va bien avec la veste en cuir.","The shoe goes well with the leather jacket."
"le chapeau","hat","/lə ʃaˈpo/","Les Vêtements - Clothing","L’écharpe protège du froid avec le chapeau.","The scarf protects from the cold with the hat."
"le pantalon","pants","/lə pɑ̃taˈlɔ̃/","Les Vêtements - Clothing","J’achète la chemise et le pantalon pour l’école.","I buy the shirt and pants for school."
"le vêtement","clothing","/lə vɛtˈmɑ̃/","Les Vêtements - Clothing","Le vêtement préféré de Marie est la robe élégante.","Marie’s favorite clothing is the elegant dress."
"Crée avec amour","Create with love","/kʁe.e.a.vɛk.a.muʁ/","Les Vêtements - Clothing (Phrases)","Crée avec amour pour donner plus de sens à ton travail.","Create with love to give more meaning to your work."
"Crée des souvenirs","Create memories","/kʁe.e.de.su.və.niʁ/","Les Vêtements - Clothing (Phrases)","Voyage pour crée des souvenirs inoubliables.","Travel to create unforgettable memories."
"Crée quelque chose","Create something","/kʁe.e.kɛl.kə.ʃoz/","Les Vêtements - Clothing (Phrases)","Chaque jour, essaie de crée quelque chose de nouveau.","Every day, try to create something new."
"Crée sans fin","Create endlessly","/kʁe.e.sɑ̃.fɛ̃/","Les Vêtements - Clothing (Phrases)","L’artiste inspire et crée sans fin.","The artist inspires and creates endlessly."
"Crée ton art","Create your art","/kʁe.e.tɔ̃.naʁ/","Les Vêtements - Clothing (Phrases)","N’aie pas peur, crée ton art unique.","Don’t be afraid, create your unique art."
"Crée ton avenir","Create your future","/kʁe.e.tɔ̃.na.və.niʁ/","Les Vêtements - Clothing (Phrases)","Crée ton avenir avec détermination et espoir.","Create your future with determination and hope."
"Crée ton style","Create your style","/kʁe.e.tɔ̃.stil/","Les Vêtements - Clothing (Phrases)","Exprime-toi et crée ton style.","Express yourself and create your style."
"Crée une histoire","Create a story","/kʁe.e.yn.is.twaʁ/","Les Vêtements - Clothing (Phrases)","Chaque vie crée une histoire différente.","Every life creates a different story."